{"xtra.llm.extractors": 1769807959.5164993, "xtra.cli": 1769882544.696786, "xtra.ocr.extractors": 1769864846.3827662, "xtra.pdf.pdf": 1769879563.9110126, "xtra.base": 1769879547.5890436, "xtra.base.coordinates": 1769879533.6382942, "xtra.pdf": 1769879071.3564882, "xtra.ocr": 1769864844.0273519, "xtra.base.models": 1769879531.091194, "xtra.ocr.adapters.easy_ocr": 1769879650.446525, "xtra.ocr.extractors.tesseract_ocr": 1769879639.4731085, "xtra.llm.extractors.google": 1769879839.9571123, "xtra": 1769882580.8617926, "xtra.base.base": 1769879551.002833, "xtra.ocr.adapters.google_docai": 1769879655.5008252, "xtra.base.geometry": 1769879554.935738, "xtra.ocr.adapters.paddle_ocr": 1769879652.5513341, "xtra.llm.extractors.azure_openai": 1769879839.9564228, "xtra.text_factory": 1769879598.6760159, "xtra.ocr.extractors.google_docai": 1769879627.8387454, "xtra.llm.extractors.openai": 1769879839.9573479, "xtra.ocr.extractors.azure_di": 1769879626.643037, "xtra.ocr.extractors.easy_ocr": 1769879637.7605956, "xtra.pdf.character_mergers": 1769879570.4357994, "xtra.ocr.adapters.tesseract_ocr": 1769879651.4535468, "xtra.llm.models": 1769881738.5742245, "xtra.base.image_loader": 1769879057.2780304, "xtra.ocr.extractors.paddle_ocr": 1769879617.1100748, "xtra.ocr.adapters.azure_di": 1769879654.015392, "xtra.llm.adapters": 1769807959.51653, "xtra.llm_factory": 1769882435.852477, "xtra.llm.adapters.image_encoder": 1769811264.7523792, "xtra.ocr.adapters": 1769864848.540704, "xtra.llm.extractors.anthropic": 1769879839.955721, "xtra.llm": 1769881680.812929}