{
  "frequency": 999.9999999999995,
  "amplitude": 1.96,
  "thd": -100.67541097859498,
  "_metadata": {
    "config_version": "unknown",
    "measurements_count": 2
  }
}
