{
  "Twilight Sparkle": 0.7183634042739868,
  "Rarity": 0.5059716701507568,
  "Fluttershy": 0.6170034408569336,
  "Rainbow Dash": 0.5442366003990173,
  "Pinkie Pie": 0.6108247637748718,
  "Applejack": 0.6557279229164124
}