{
    "news-tokens-16384plus-entries-4096": {
        "llama-7b": {
            "min": 19704,
            "max": 40852,
            "avg": 27217.484619140625
        },
        "granite-13b-v2": {
            "min": 17658,
            "max": 33986,
            "avg": 23633.715087890625
        },
        "llama-13b": {
            "min": 19704,
            "max": 40852,
            "avg": 27217.484619140625
        },
        "granite-20b-v2": {
            "min": 19792,
            "max": 39837,
            "avg": 27899.789306640625
        },
        "granite-7b-base": {
            "min": 19704,
            "max": 40852,
            "avg": 27217.484619140625
        },
        "granite-8b-japanese": {
            "min": 19249,
            "max": 40748,
            "avg": 26499.957763671875
        },
        "granite-8b-code-base": {
            "min": 19792,
            "max": 39837,
            "avg": 27899.789306640625
        },
        "granite-34b-code-base": {
            "min": 19792,
            "max": 39837,
            "avg": 27899.789306640625
        },
        "mistral-7b-v0.1": {
            "min": 18696,
            "max": 40041,
            "avg": 26085.84326171875
        },
        "llama3-8b": {
            "min": 17238,
            "max": 31959,
            "avg": 22518.065185546875
        },
        "llama3-70b": {
            "min": 17238,
            "max": 31959,
            "avg": 22518.065185546875
        },
        "mixtral-8x7b-instruct-v0.1": {
            "min": 18696,
            "max": 40041,
            "avg": 26085.84326171875
        },
        "llama2-70b": {
            "min": 19704,
            "max": 40852,
            "avg": 27217.484619140625
        },
        "llama3.1-8b": {
            "min": 17238,
            "max": 31959,
            "avg": 22518.065185546875
        },
        "llama3.1-70b": {
            "min": 17238,
            "max": 31959,
            "avg": 22518.065185546875
        },
        "llama3.1-405b": {
            "min": 17238,
            "max": 31959,
            "avg": 22518.065185546875
        }
    },
    "news-tokens-128kplus-entries-4096": {
        "llama3.1-8b": {
            "min": 154084,
            "max": 154434,
            "avg": 154241.513671875
        },
        "llama3.1-70b": {
            "min": 154084,
            "max": 154434,
            "avg": 154241.513671875
        },
        "llama3.1-405b": {
            "min": 154084,
            "max": 154434,
            "avg": 154241.513671875
        }
    }
}